First Name,Last Name,Nickname,ID,OSIS,Email
Sonia,Epstein,,3003,233853118,soniaepstein1@gmail.com
Joel,Ye,,3036,207203977,joelye9@gmail.com
Namra,Zulfiqar,,3041,205775091,nzulfiqar@stuy.edu
Danielle,Eisenman,,3047,207979634,danielle.eisenman@gmail.com
Natalie,Zhu,,3055,205528748,zhunatalie17@gmail.com
Nancy ,Cao,,3071,207694811,Nancycao717@gmail.com
Yvonne,Chan,,3074,205448350,ychan1352@gmail.com
Andrea,Ma,,3087,227871670,Yanlinandreama@gmail.com
Raphael,Kirou,,3105,233660794,raphaelak13@gmail.com
Catriona,Breen,,3115,206868184,catiebreen@gmail.com
Karen,Chen,,3117,205529290,bluebunny89@yahoo.com
Sarah,Yoon,,3121,205744170,sarah.yoon123@gmail.com
Jackie ,Garber,,3124,204087878,jackiegarber99@gmail.com
Eliriana,Lleshi,,3128,206059537,Eli.lleshi.28@gmail.com
Nina ,Uzoigwe,,3129,216179945,ninaforevah306@gmail.com
Yuki,Lin,,3130,206791501,yukilin345@gmail.com
En (Claire),Jin,,3132,207038605,enrjin888@gmail.com
Edward,Lee,,3133,205436256,eddylees19@gmail.com
Dora,Gelerinter,,3136,206559148,doragelerinter@gmail.com
Joanne,Ha,,3150,205949332,jha3@stuy.edu
Daniel,Gendler,,3158,205987621,Dgendler19@gmail.com 
Manish,Saha,,3159,206104622,sahamanish99@gmail.com
Kaia,Waxenberg,,3174,206060204,Kaiawaxenberg@gmail.com
Haley,Zeng,,3177,206102907,haleyzeng@gmail.com
Noshin,Choudhury,,3182,206105256,noshinchoudhury1@gmail.com
Jongyoul,Lee,,3183,221485451,jlee43@stuy.edu
Janny,Chen,,3207,207444068,jchen44@stuy.edu
Brian,Yang,,3218,205669500,brian.yang328@gmail.com
Siam,Muquit,,3219,219968328,siammuquit@yahoo.com
Shamaul ,Dilmohamed ,,3232,209450428,sdilmohamed@stuy.edu
Mitch,Choi,,3238,216074450,mitchchoi26@gmail.com
Khandker ,Habib,,3240,205317217,shadmanhabib30@gmail.com
Louisa,Cornelis,,3247,205776925,lcornelis@verizon.net
Alvin,Zhu,,3252,205937246,alvinzhu33@yahoo.com
Jennifer,Yu,,3253,205617988,jennifer.yu518@gmail.com
Sharon,Lin,,3254,232505396,sharonlin14@gmail.com
Brandon,Zhang,,3265,220410492,zhangtbrandon2@gmail.com
Rishad ,Karim,,3269,205907744,rishad.karim@yahoo.com
Griffin ,Strout,,3272,209391937,griffines@outlook.com
Adam ,Wickham,,3287,203743414,awickham3@gmail.com
Annie,Li,,3301,207408196,annieli9923@gmail.com
Nicole,Cheng,,3314,205449267,xxnikkychengxx@gmail.com
Richard,Wang,,3316,207723651,wangrichard99@gmail.com
Katrina,Wong,,3336,206087595,kawong0728@gmail.com
Anastasiya ,Bolgova,,3339,209079409,nbolgo1@gmail.com
Sze Ting (Kathy),Lau,,3343,233940147,slau7@stuy.edu
Felix,Phillips,,3353,215806316,felixphillipsboston@gmail.com
Jessy,Feng Han,,3376,207253444,Jessyfenghan@gmail.com
Simon,Chen,,3383,206123051,simoncstuy@gmail.com
Lucy,Li,,3389,205930175,Jli30@stuy.edu
Arya,Firoozan,,3402,205530884,afiroozan@stuy.edu
Emily,Lin,,3404,214288748,emilylin1203@gmail.com
Giselle,Garcia,,3408,205178437,Ggarcia1248@gmail.com
Bayle ,Smith-Salzberg,,3415,233929264,bsmithsalzberg@stuy.edu
Janet,Zhang,,3428,205757263,jzhang12@stuy.edu
Wesley,Lee,,3432,205691058,weslee1999@gmail.com
Sebastian,Dittgen,,3435,233859628,Sdittgen@stuy.edu
Evelyn,Gotlieb,,3451,207277229,egvz@live.com
Yujie,Fu,,3463,205660020,yujief1@gmail.com
Zicheng,Zhen,,3465,209157544,zichengzhen@gmail.com
Elisa,Hung,,3466,211108683,Ehung542@gmail.com
Nancy,Liang,,3495,206349169,nynliang@gmail.com
Jason,Mohabir,,3500,207027301,jason.mohabir17@gmail.com
Han,Oo,,3506,223971961,hannwayoo@gmail.com
Julia,Ingram,,3510,205467277,juingram@gmail.com
Shaf,Chowdhury,,3513,205704547,shfthchwdhr@gmail.com
Melanie,Chow,,3527,206385072,melaniechow23@gmail.com
Jessica,Titensky,,3530,205770191,jtitensky@gmail.com
Joyce,Lei,,3541,206007288,jlei3@stuy.edu
Geena,Jung,,3560,206984171,xgeenajungx@gmail.com
Stephanie,Chang,,3583,205704034,schang2@stuy.edu
Nikolaos,Ziozis,,3586,233914241,nikoziozis@gmail.com
Shantanu,Jha,,3600,225852334,sjha@stuy.edu
Jodi,Ng,,3611,207373655,jodiwng17@gmail.com
Zachary,Ginsberg,,3621,225257658,zachginsberg@hotmail.com
Lauren,Moy,,3629,206213647,laurenmoy2@gmail.com
Suki,Yip,,3635,205789837,Yippybear@gmail.com
Lydia,Choi,,3640,205459365,lchoi@stuy.edu
Nadia,Filanovsky,,3645,205812860,nadia.filanovsky@gmail.com
Zuhra,Tukhtamisheva,,3648,215884131,zuhratukhtamisheva@gmail.com
Anthony,Liang,,3662,206932667,aliangdw@gmail.com
Olivia,Kusio,,3671,205784283,oliviakusio@gmail.com
Wendy ,Li,,3674,206813289,Wli10@stuy.edu
Kimberly ,Ho,,3680,206373318,kimmyho.ny@gmail.com
Roy,Kim,,3683,207670662,rkim8@stuy.edu
Jing ,Zhang,,3714,214934549,jing3hang@live.com
Richard,Lin,,3729,206007353,richardlin422@gmail.com
Shupti,Biswas,,3735,205817067,shuptikandr108@gmail.com
Nancy,Yang,,3743,231974072,nyang218@gmail.com
Lucy,Wang,,3744,205654023,Lwang1078@gmail.com
Sumaita ,Mahmood,,3753,206583296,sumaita.mahmood@gmail.com
Henry,Newell,,3757,206981813,henryinewell@gmail.com
Madeleine,Ostergaard ,,3760,207320722,Madeleine.ostergaard@gmail.com
Nalanda,Sharadjaya,,3767,205347297,nalanda99@gmail.com
Stiven,Peter,,3775,207913500,stivenpeter@gmail.com
Yuan,Yue,,3778,206374167,yuan.yue1299@gmail.com
Makoto,Manheim,,3779,205798804,makmanheim@gmail.com
Zuha,Mohiuddin,,3784,215860495,mezuha25@gmail.com
Winston,Venderbush,,3789,233665538,winstonvenderbush@gmail.com 
Paulina,Ruta,,3795,205933617,pruta@stuy.edu
Annie ,Chen,,3796,220873301,itsanniechen@yahoo.com
Hoi Lam,Lau,,3799,232538454,hl.lau54@gmail.com
Michelle ,Lin,,3825,208552596,mlin6@stuy.edu
Brandon,Chin,,3841,205781503,brandoncchin@gmail.com
Stephanie,Yoon,,3844,205744188,stephanie.yoon123@gmail.com
Sylvia,Zhong,,3855,206932659,zhong.sylv@gmail.com
Kamila ,Radjabova ,,3858,209062249,Kradjabova@stuy.edu
Jessica,Yang,,3862,207652074,jy.jessica8@gmail.com
Bryan,Zhong,,3863,206669327,bryanzhong2@gmail.com
Jie Yu ,Xu,,3865,207165432,jxu9@stuy.edu
Lawrence,Kwong,,3867,203639703,lkwong@stuy.edu
Lawrence,Liu,,3868,205936370,lawrence255@yahoo.com
Sarah,Creighton,,3876,205675804,screighton@stuy.edu
Nicholas,Ng,,3883,207979998,golfkidnpn@gmail.com
Courtney,Chiu,,3890,208053686,cjchiu11@yahoo.com
Carmen,Chen,,3896,205738925,carmenchen521@gmail.com
Xinyi,Gu,,3912,221348733,xinyi.cindy12gu@gmail.com
Olivia,Gallager,,3921,207192022,Oliviagallager@gmail.com
Jessica ,Sparacio,,3927,205608185,jsparacio1@stuy.edu
Jan,Wojcik,,3930,207689829,jwojcik@stuy.edu
Grace,Stempel,,3931,207038381,gracestempel@gmail.com
Jannatul,Ahmed,,3942,205999865,jannatulahmed@gmail.com
Mohammed,Ullah,,3960,205821028,mohammed.ullah39@gmail.com
Ken,Li,,3982,208053140,kenli0315@gmail.com
Aisharja,Mojumdar,,3988,206087363,amojumdar@stuy.edu
Sharon,Chao,,3989,205970171,sharonchao1@gmail.com
Rachel,Zhang,,4004,208410977,rzhang7@stuy.edu
Vivien,Lee,,4014,207193376,vlee@stuy.edu
Carol,Pan ,,4018,208667675,chocodra@gmail.com 
Anne,Lee,,4025,207808056,alee19@stuy.edu
Andrew,Chen,,4035,207474545,andrewxinchen@gmail.com
Charlie,Reeder,,4046,208681817,cr.nyc.2000@gmail.com
Nicholas ,Li,,4070,207694779,nli5@stuy.edu
Dawei,Huang,,4095,216384123,huangdawei2014@gmail.com
Joyce,Wu,,4098,208667436,jwu26@stuy.edu
Minji ,Park ,,4101,229168604,mpark1@stuy.edu 
Michael,Kaydin ,,4157,236053203,Michaelkaydin@gmail.com
Liu,Joseph,,4163,207436874,jliu16@stuy.edu
Marta,Pawluczuk,,4175,205976897,mpawluczuk@stuy.edu
Karina,Ionkina,,4193,209853738,kionkina@stuy.edu
Yedoh,Kang,,4197,219812922,kang.yedoh@gmail.com
Donia,Tung,,4207,236041521,doniatung32@gmail.com
Derek,Tran,,4223,207345117,derek.tran173@gmail.com
George,Zheng,,4232,207695149,gzheng3@stuy.edu
Janice,Tjan,,4233,208365999,Janjan.tjan@gmail.com
Mark,Shafran,,4242,207723305,Mshafran@stuy.edu
Sarah,Kim,,4248,208053587,lavendersarahk@gmail.com
Venus ,Nnadi,,4262,235887171,vnnadi@stuy.edu
Chenyang,Ju,,4275,219839321,judaniel4@gmail.com
Ava,Liu,,4283,207530171,avaliu3851@gmail.com
Gillian ,Sutliff,,4288,206995417,gillian.sutliff@gmail.com
Zilin ,Guo,,4294,219959764,zguo1@stuy.edu
Manahal,Tabassum,,4312,207242058,manahalt2072@gmail.com
Vincent,Jiang,,4318,208300905,vjiang1@stuy.edu
Jacob,Goldman,,4324,208947739,jgoldman@stuy.edu
Irene,Lam,,4351,208339028,ilam1@stuy.edu
Sandra ,Ho,,4353,209556489,Sandraho1216@gmail.com
Jacqueline,Woo,,4356,207160268,jackiecorner@hotmail.com
Rachael ,Chen ,,4360,207203951,rchen11@stuy.edu 
Wenxuan(Queenie),Xiang,,4386,215608829,queeniexiang@gmail.com
Maiko,Sein,,4410,209852953,msein@stuy.edu
Tiffany,Chen,,4411,229080502,tchen8@stuy.edu
Yuning (Amy),Ren ,,4422,209434315,Amyren123@gmail.com
Michelle,Zhu,,4425,207456757,mcz.8741@gmail.com
Elijah,Karshner,,4428,207501735,ekarshner@stuy.edu
Shivasuryan,Vummidi,,4443,207455585,ssuryan.v@gmail.com
Greg,Huang,,4446,208976704,greghuang2000@gmail.com
Luola,Chen,,4453,208688002,luolachen@gmail.com
Karen,Chen,,4461,208337451,kchen6600@gmail.com
Ray,Jones,,4474,236053138,rayjones1111@gmail.com
Benedict,Ho,,4476,207021411,hoben404@gmail.com
Kelly,Wang,,4480,208027334,kellywang10@gmail.com
Jacqueline,Xu,,4483,208584086,jackiestuy@gmail.com
Grace,Cuenca,,4488,206907263,gracecuenca1016@gmail.com
Michelle,Moe,,4490,214355539,moemichelle1000@gmail.com
Jessica,Tao,,4507,207198813,jtao@stuy.edu
Ved,Patel,,4510,207268145,vedanuj1@gmail.com
Noah,Tang,,4515,208571414,tangnoah@gmail.com
Anne,Chen,,4532,207476284,ann3ch3n@gmail.com
Marcin,Hajduczek,,4545,207069717,mhajduczek@stuy.edu
Mansour,Elsharawy,,4557,207765165,mansoure2011@gmail.com
Julian,Rubinfien,,4566,236075651,jurubinfien@gmail.com
Chloe,Lee,,4567,236073441,Chloe.cy.lee@gmail.com
JeongWoo (Rachel),Kwon,,4568,208304055,jkwon@stuy.edu
Selina,Zou,,4583,207689928,selinazou2000@gmail.com
Jenny,Gao,,4599,209064732,jgao658@gmail.com
Anya,Wang,,4617,208882951,awang13@stuy.edu
Emily ,Lee,,4638,207240458,emilylee254@gmail.com
Doreen,Chin,,4639,208696708,Dchin1059@gmail.com
Mahesh,Saha,,4642,207700485,sahamahesh20@gmail.com
Sabrine,Benzakour,,4643,208667634,sbenzakour@stuy.edu
Zhi,Lin,,4676,214778227,Zhi.lin396@gmail.com
Alexandra,Fomina,,4682,231264003,alexandrafomina4@gmail.com
Zilin(Tim),Wang,,4689,236001418,vivalavida1424@gmail.com
Raniyan,Zaman,,4696,206902447,raniyanz@gmail.com
Kevin,Li,,4717,207538695,kevinstuy324@gmail.com
Kelly,Luo,,4719,208131920,kluo2@stuy.edu
Tasfia,Bashar,,4722,208392431,tasfiabashar@gmail.com
Nowshin,Islam,,4727,208928564,Nowshin.stuy@gmail.com
Jessie,Cheng,,4734,209040369,mcheng2@stuy.edu
Jordan,Chan,,4746,207091471,jordie168@gmail.com
Eelia,Shaw,,4761,208857276,shaweelia@gmail.com
Barnett,Zhao,,4764,208512509,barnettzhao@yahoo.com
Shruthi,Venkata,,4769,208349753,svenkata@stuy.edu
Anna ,Pacheco,,4776,209806553,annapacheco4114@gmail.com
Sophie,Feng,,4786,236041026,sophieafeng@gmail.com
Kejal ,Doshi,,4799,207503020,kdoshi@stuy.edu
Marie,Ivantechenko,,4803,208981035,mmivantechenko@gmail.com
Sabrina,Wen,,4846,208434720,sabrinawn253@gmail.com
Calvin ,Liang ,,4853,207695461,Cliang4@stuy.edu 
Sarah,Chen,,4862,216365403,schen34@stuy.edu
Jan Stefan,Kowalski,,4867,205867666,janstefankowalski@gmail.com
Tiffany,Moi,,4870,208092221,tiffanymoi6@gmail.com
Andrew,Lee,,4876,207647355,origamial1234@gmail.com
Mika,Simoncelli,,4877,209067677,msimoncelli@stuy.edu
Hillary,Hao,,4879,207315854,h.haostuy@gmail.com
Madeline (Maddie),Wong,,4883,207042730,mwmwline@gmail.com
Michael,Xu,,4884,210846838,michael.xu000@gmail.com
Maya,Mitrasinovic,,4890,209257112,maya.pachepa@gmail.com
Faith,Sanchez,,4900,207474925,falsanchez7@gmail.com
Nadean,Alnajjar,,4909,207764804,nadeanalnajjar412@gmail.com
Ryan,Siu,,4924,209018415,rsiu@stuy.edu
Helen,Zhuo,,4935,207248311,helenzhuo2018@gmail.com
Michael,Lee,,4953,233149079,mlee13@stuy.edu
Jessica,Wu,,4957,209380591,jessicawu49260@gmail.com
Mithila,Farin,,4965,217331818,purplemithila10@gmail.com
Saloni,Majmudar ,,4972,235968443,Salonim2305@gmail.com
Ran,Yoo,,4973,219832482,ryoo@stuy.edu
Sara,Ng,,4989,208735340,sarawng@yahoo.com
Anish,Shenoy,,4997,208365890,ashenoy@stuy.edu
Rodda,John,,3439,233665322,johnrod.john@gmail.com