Chloe,Delfau,cdelfau@stuy.edu,3345,206058158Olivia,Kusio,oliviakusio@gmail.com,3671,205784283Liam,Elkind,liamelkind@gmail.com,3991,233859784Kofi,Lee-Berman,kofi.leeberman@gmail.com,3448,216219089Fatima,Irfan,fatima.irfan12@gmail.com,3110,205609290Kevin,Li,kevinstuy324@gmail.com,4717,207538695Siam,Muquit,siammuquit@yahoo.com,3219,219968328Cammy,Wong,cwong9@stuy.edu,3824,233718030Blythe,Zadrozny,blythe.zadrozny@gmail.com,4266,209067461Julius,Freyra,julius@freyra.org,4487,206566267Chloe,Delfau,cdelfau@stuy.edu,3345,206058158Josh,Rayham,Jrayham@gmail.com,3200,206694663Ziqi,Guo,Zguo@stuy.edu,4811,219959798Makoto,Manheim,makmanheim@gmail.com,3779,205798804Mei Luan,Ou,Mei.luan.ou@gmail.com,4338,208625301Sofiya,Tsenter,stsenter@stuy.edu,4252,208448902Samuel,Stamler,samuel.stamler@gmail.com,4598,236053195Anna,Quach,aquach1@stuy.edu,3412,207187212Anya,Wang,Anya.wang.601@gmail.com,4617,208882951Winnie,Lin,wlin5@stuy.edu,3208,206449720Shaikh,Mahsheeat,shaikhmahsheeat@gmail.com,4739,236072799Shannon,Lau,bballlau11@gmail.com,4419,207435827Tomas,Engquist,tomasengquist999@gmail.com,4082,208897967Vicky,Wu,vickyw1107@gmail.com,3307,208047860Nalanda,Sharadjaya,nalanda99@gmail.com,3767,205347297Cynthia,Cheng,cynthiacheng1022@gmail.com,4271,207186479Michael,Holmes,mholmes1@stuy.edu,3191,207344979Dennis,Ronel,dennisronel99@gmail.com,3563,206694580Jenny,Han,jenny.han9@gmail.com,4168,208994178Andrew,Hussain,andrewhussain2@gmail.com,3938,206122186Xin Xin,Xing,xxing@stuy.edu,3303,208512756Sophie,Feng,sophieafeng@gmail.com,4786,236041026Richard,Lin,richardlin422@gmail.com,3729,206007353Asher,Lasday,alasday@gmail.com,3490,207173352Esther,Couch,ecouch@stuy.edu,3224,205467582Tymur,Kholodnyak,tkholodnyak@gmail.com,4851,207725623Barnett,Zhao,barnettzhao@yahoo.com,4764,208512509Danny,Gendler,Dgendler19@gmail.com ,3158,205987621Rigneyla,Rigneyla,rigneyla88@gmail.com,4458,223127432Zilin,Guo,Zguo1@stuy.edu,4294,219959764Laszlo,Sandler,lsandler@stuy.edu,3766,205513443Jack,Cruse,jackcruse15@gmail.com,5636,239727126Ahmad,Alnasser,aalnasser@stuy.edu,3079,208048207Venus,Nnadi,vnnadi@stuy.edu,4262,235887171Enver,Ramadani,eramadani@stuy.edu,3875,206142671Zora,Arum,zora.arum@gmail.com,3024,207141078Perry,Wang,perry.wang123@gmail.com,4320,207712407Lillian,Carver,lillian.carver@gmail.com,3815,205776677Shamaul,Dilmohamed,sdilmohamed@stuy.edu,3232,209450428Winston,Venderbush,winstonvenderbush@gmail.com,3789,233665538Sophia,Qu,sqsophia@gmail.com,3707,207332412Winkie,Ma,wma@stuy.edu,3181,205494545Max,Bertfield,max@bertfield.com,3119,224634535Pallab,Saha,psaha1@stuy.edu,4495,206967754Jacqueline,Xu,jackiestuy@gmail.com,4483,208584086Amy,Ren,amyren123@gmail.com,4422,209434315Ege,Duman,ege.deniz@live.com,3452,206805608Max,Onderdonk,maxo2000@gmail.com,4205,207271693Tara,Chowdhury,tarac1999@gmail.com,3574,206371361Sam,Merrick,svmerrick@gmail.com,4336,208908988Kenneth,Chu,Kennychu87@gmail.com ,3763,205738735Paulina,Ruta,Pruta@stuy.edu,3795,205933617Sarah,Loshinsky,sarah.loshinsky@gmail.com,4268,208207878Daniel,Knopf,danielkn609@gmail.com,4503,236053146Geena,Jung,xgeenajungx@gmail.com,3560,206984171Olive,Yie,yie.olivia@gmail.com,3726,206736605Kamila,Radjabova,Kradjabova@stuy.edu,3858,209062249Louisa,Cornelis,lcornelis@verizon.net,3247,205776925Stephanie,Lieu,stephaniel0309@gmail.com,5000,207387911Zoe,Orlin,zoeorlin@gmail.com,3008,207011610Deborah,Wei,dew.silvercloud@gmail.com,4768,218589877Vivian,Lin,vlin4@stuy.edu,4942,207315524Judy,Li,li.judy513@gmail.com,3445,206713026Tobias,Lange,TBLange18@gmail.com,3622,233929306Maya,Mitrasinovic,maya.pachepa@gmail.com,4890,209257112Elizabeth,Lawrence,lizs1126@gmail.com,3007,207306044Anne,George,ageorge1@stuy.edu,4986,207241530Eugene,Thomas,eet219@gmail.com,4631,205525090Yvonne,Chan,ychan1352@gmail.com,3074,205448350Dina,Re,Dre@stuy.edu,3111,205602204Sosonia,Ma,sma9@stuy.edu,3539,206131674Zovinar,Khrimian,zovinarkhrimian@gmail.com,3271,208154237Marcin,Hajduczek,mhajduczek@stuy.edu,4545,207069717Gabriella,Birzh,gabriellab.stuy@gmail.com,3843,206604902John,Lee,sangminlee@gmail.com,4790,207169319Nicholas,Pustilnik,npustilnik@stuy.edu,4331,207166224Tiffany,Chen,tchen8@stuy.edu,4411,229080502Saloni,Majmudar,Salonim2305@gmail.com,4972,235968443Chloe,Lee,chloe.cy.lee@gmail.com,4567,236073441Valerie,Leung,valeriecleung@gmail.com,3450,207037367Donia,Tung,doniatung32@gmail.com,4207,236041521Alec,Dai,alec.dai17@gmail.com,3251,205682180Jean,Joun,jeanjoun257@gmail.com,3160,208054478Rochelle,Vayntrub,rvayntrub@stuy.edu,4703,207662008Sabiha,Rahman,srahman7@stuy.edu,4789,207241985Charlotte,Ruhl,cruhl235@gmail.com,4585,209048990Cecilia,Vogler,cvogler@stuy.edu,4784,208413898Jackie,Garber,jackiegarber99@gmail.com,3124,204087878Inbar,Pe'er,inbaronet@gmail.com,4084,236072427Luola,Chen,luolachen@gmail.com,4453,208688002Nicole,Wong,bnw828@gmail.com,3326,209380815Jacob,Grunebaum,jacob.grunebaum@gmail.com,3959,206773350Kristina,Kim,kkim6@stuy.edu,4183,207690579Sam,Brimberg,sambrim11@gmail.com,4648,236041836Yuan,Yue,yyue1@stuy.edu,3778,206374167Yujie,Fu,Superiv1000@gmail.com,3463,205660020William,Khan,w35khan@gmail.com,3755,205497951Maddie,Ostergaard,madeleine.ostergaard@gmail.com,3760,207320722Anna,Pacheco,annapacheco4114@gmail.com,4776,209806553Wenxuan,Xiang,queeniexiang@gmail.com,4386,215608829Tara,Greene,Taragreene2000@gmail.com,4829,207718651Kate,Sherwin,kate.a.sherwin@gmail.com,3995,207479270Anne,Chen,ann3ch3n@gmail.com,4532,207476284Jackson,Deysine,jackson.deysine@gmail.com,3414,207381187Danielle,Eisenman,Danielle.eisenman@gmail.com,3047,207979634Jack,Schluger,jschluger@stuy.edu,3474,205585771Susan,He,wanyingsusanhe@gmail.com,4809,220672125Michela,Marchini,michelam212@yahoo.com,4741,206836678Jing,Zhang,jing3hang@live.com,3714,214934549Vivien,Lee,vlee@stuy.edu,4014,207193376Lucy,Posner,lucyposner1@gmail.com,3489,206700346Alex,Whittington,amwnest@gmail.com,4878,208440099Liting,Li,lli13@stuy.edu ,3809,207958968Connie,Lei,Callmecon328@gmail.com,4849,208348060Gillian,Sutliff,Gillian.sutliff@gmail.com ,4288,206995417Emily,Ma,e.ma.528@hotmail.com,3397,207228693Emily,Lin,emilylin1203@gmail.com,3404,214288748Sophie,Feng,sophieafeng@gmail.com,4786,236041026Shaney,Hwang,shaney.hwang@yahoo.com,4901,207454505Livia,Kunins-Berkowitz,liviatkb@gmail.com,3832,207042599Farah,Tasneem,farahtasneem22@gmail.com,4514,207344318Leila,Storkamp,Lstorkamp@stuy.edu,4699,209372366Mitch,Choi,mitchchoi26@gmail.com,3238,216074450Aren,Tucker,ajt1010@gmail.com,4370,208133066Anne,Lee,alee19@stuy.edu,4025,207808056Annie,Wu,anniewu247@gmail.com,4911,207453945Leon,Sarpong,leonsarp@gmail.com,3965,207775008Han,Oo,hannwayoo@gmail.com,3506,223971961Clive,Johnston,Cjohnston1@stuy.edu,4969,208414284Muhammad,Rivaldo,mrivaldo@stuy.edu ,3591,206118739Liana,Chow,lianachow@gmail.com,3885,207340472Benedict,Ho,hoben404@gmail.com,4476,207021411Matteo,Wong,matte0w0ng@gmail.com,4381,208203232Jason,Mohabir,jason.mohabir17@gmail.com,3500,207027301Ian,Lum,Ianlum10010Ianlum10010@gmail.com,4767,207449810Chloe,Niemann,chloeniemann@gmail.com,4235,208306068Jordan,Chan,jordie168@gmail.com,4746,207091471Jessica,Sparacio,jlsactor@gmail.com,3927,205608185Benjamin,Zhang,benjiboyzhang77@gmail.com,3120,206525552Lowell,Weisbord,Lowellweisbord@gmail.com,3447,205645377Garrett,Hall,grrtthll@gmail.com,4323,208145425Jonathan,Buhler,Benedict.buhler@gmail.com,3292,207321555Sammie,Paul,Spaul2@stuy.edu,4451,234055473Lydia,Robinson,lydia.grm@gmail.com,4792,209011345Matthew,Fairbanks,MFairbanks00@gmail.com,4858,208887257August Ray,Jones,rayjones1111@gmail.com,4474,236053138Maiko,Sein,maikosein@aol.com ,4410,209852953